IP,Time,Path,Response
13.66.139.0,12/19/20 13:57,/index.php,200
216.244.66.230,12/19/20 14:14,/robots.txt,200
54.36.148.92,12/19/20 14:16,/index.php,200
92.101.35.224,12/19/20 14:29,/administrator/index.php,200
54.36.148.108,12/19/20 15:09,/robots.txt,200
54.36.148.1,12/19/20 15:09,/index.php,200
35.237.4.214,12/19/20 15:22,/administrator/%22,404
42.236.10.125,12/19/20 15:23,/,200
42.236.10.125,12/19/20 15:23,/modules/mod_bowslideshow/tmpl/css/bowslideshow.css,200
42.236.10.125,12/19/20 15:23,/templates/_system/css/general.css,404
42.236.10.125,12/19/20 15:23,/templates/jp_hotel/css/template.css,200
42.236.10.117,12/19/20 15:23,/templates/jp_hotel/css/layout.css,200
42.236.10.114,12/19/20 15:23,/templates/jp_hotel/css/menu.css,200
42.236.10.114,12/19/20 15:23,/templates/jp_hotel/css/suckerfish.css,200
42.236.10.125,12/19/20 15:23,/media/system/js/caption.js,200
42.236.10.117,12/19/20 15:23,/media/system/js/mootools.js,200
42.236.10.117,12/19/20 15:23,/templates/jp_hotel/js/moomenu.js,200
42.236.10.114,12/19/20 15:23,/modules/mod_bowslideshow/tmpl/js/sliderman.1.3.0.js,200
42.236.10.114,12/19/20 15:23,/images/stories/slideshow/almhuette_raith_02.jpg,200
42.236.10.125,12/19/20 15:23,/images/stories/slideshow/almhuette_raith_01.jpg,200
42.236.10.114,12/19/20 15:23,/templates/_system/css/general.css,404
42.236.10.114,12/19/20 15:23,/images/stories/slideshow/almhuette_raith_03.jpg,200
42.236.10.125,12/19/20 15:23,/images/stories/slideshow/almhuette_raith_06.jpg,200
42.236.10.117,12/19/20 15:23,/images/stories/slideshow/almhuette_raith_04.jpg,200
42.236.10.117,12/19/20 15:23,/images/stories/slideshow/almhuette_raith_05.jpg,200
42.236.10.114,12/19/20 15:23,/images/stories/slideshow/almhuette_raith_07.jpg,200
42.236.10.125,12/19/20 15:23,/templates/jp_hotel/images/logo.jpg,200
42.236.10.117,12/19/20 15:23,/images/stories/raith/almhuette_raith.jpg,200
42.236.10.114,12/19/20 15:23,/images/stories/raith/grillplatz.jpg,200
42.236.10.117,12/19/20 15:23,/images/stories/raith/wohnraum.jpg,200
42.236.10.125,12/19/20 15:23,/images/stories/raith/garage.jpg,200
42.236.10.125,12/19/20 15:23,/images/stories/raith/almenland_logo.jpg,200
42.236.10.125,12/19/20 15:23,/images/stories/raith/oststeiermark.png,200
42.236.10.125,12/19/20 15:23,/images/stories/raith/steiermark_herz.png,200
42.236.10.125,12/19/20 15:23,/images/bg_raith.jpg,200
42.236.10.125,12/19/20 15:23,/modules/mod_bowslideshow/tmpl/images/image_shadow.png,200
42.236.10.114,12/19/20 15:23,/templates/jp_hotel/images/content_heading.gif,200
42.236.10.117,12/19/20 15:23,/templates/jp_hotel/images/module_heading.gif,200
191.102.167.138,12/19/20 15:51,/,200
54.36.149.55,12/19/20 16:06,/index.php,200